PlayerID,BowlerName,OutDesc,Runs,Balls,DotBalls,Fours_Bat,Sixes_Bat,StrikeRate_Bat,AgainstFast_Bat,AgainstSpin_Bat,MatchPlayingOrder,ShortOutDesc,DotBallPercentage_Bat,DotBallFrequency_Bat,BoundaryPercentage_Bat,BoundaryFrequency_Bat,Overs,Runs_bat,Wickets,Economy_bowl,BowlingOrder,TotalLegalBallsBowled,ScoringBalls,DotBalls_bowl,DBPercent _bowl,DBFrequency,Fours_bowl,Sixes_bowl,BdryPercent_bowl,BdryFreq_bowl,StrikeRate,FourPercent_bowl,SixPercent_bowl,PlayerShortName,MatchID,InningsNo,TeamID,PlayerName
0,0,0,0.0,0.0,0.0,0.0,0.0,0,0.0,0.0,0.0,,,,,,0.0,0.0,0.0,0.0,0.0,0.0,0.0,0.0,0,0,0.0,0.0,0,0,0,0,0,,0.0,0.0,0.0,0
2019-100mb00000000062-8fa4884a17f311,Avesh Khan,c Abdul Samad b Avesh Khan,35.0,20.0,7.0,7.0,0.0,175.00,15.0,5.0,1.0,c Abdul Samad b Avesh Khan,35.00,2.86,80.00,2.86,,,,,,,,,,,,,,,,,,,1862.0,2.0,35.0,Shubman Gill (c)
2019-100mb00000000063-d9aa7a01187311,,,0.0,0.0,0.0,0.0,0.0,-,0.0,0.0,10.0,,,,,,,,,,,,,,,,,,,,,,,,1862.0,2.0,35.0,Mohammed Siraj 
2019-100mb00000000109-5cc123ab449411,,,,,,,,,,,,,,,,,3.5,51.0,2.0,13.3,4.0,23.0,19.0,4.0,17.39,5.75,5.0,3.0,74.51,2.88,11.50,39.22,35.29,Avesh Khan,1862.0,2.0,77.0,Avesh Khan
2019-100mb00000000116-dbd48930449611,Ayush Badoni,b Ayush Badoni,2.0,3.0,1.0,0.0,0.0,66.67,1.0,2.0,8.0,b Ayush Badoni,33.33,3.00,0.00,,,,,,,,,,,,,,,,,,,,1862.0,2.0,35.0,Kagiso Rabada 
2019-100mb00000000120-7489ddcc449711,William O Rourke,c Himmat Singh b William O Rourke,2.0,3.0,1.0,0.0,0.0,66.67,3.0,0.0,5.0,c Himmat Singh b William O Rourke,33.33,3.00,0.00,,,,,,,,,,,,,,,,,,,,1862.0,2.0,35.0,Rahul Tewatia 
2019-100mb00000000122-ba35f672449711,William O Rourke,c (Sub) Ravi Bishnoi b William O Rourke,38.0,22.0,5.0,1.0,3.0,172.73,14.0,8.0,3.0,c (Sub) Ravi Bishnoi b William O Rourke,22.73,4.40,57.89,5.50,,,,,,,,,,,,,,,,,,,1862.0,2.0,35.0,Sherfane Rutherford 
2019-100mb00000000150-3a51ee2844a911,,,0.0,0.0,0.0,0.0,0.0,-,0.0,0.0,11.0,,,,,,,,,,,,,,,,,,,,,,,,1862.0,2.0,35.0,Prasidh Krishna  (RP)
2019-100mb00000000182-b78f12ef44b611,Akash Singh,b Akash Singh,33.0,18.0,5.0,3.0,2.0,183.33,17.0,1.0,2.0,b Akash Singh,27.78,3.60,72.73,3.60,,,,,,,,,,,,,,,,,,,1862.0,2.0,35.0,Jos Buttler (wk)
2019-100mb00000000218-42d9d6f544bf11,,not out,4.0,4.0,0.0,0.0,0.0,100.00,2.0,2.0,6.0,not out,0.00,,0.00,,,,,,,,,,,,,,,,,,,,1862.0,2.0,35.0,Rashid Khan 
2020-100mb00000000523-53bc4c09638b11,,,,,,,,,,,,,,,,,4.0,41.0,1.0,10.25,5.0,24.0,21.0,7.0,29.17,3.43,2.0,2.0,48.78,6.00,24.00,19.51,29.27,Shahbaz Ahmed,1862.0,2.0,77.0,Shahbaz Ahmed
2020-100mb00000000535-66ae8e79639911,,,,,,,,,,,,,,,,,3.1,29.0,1.0,9.16,1.0,19.0,14.0,5.0,26.32,3.80,5.0,0.0,68.97,3.80,19.00,68.97,0.00,Akash Singh,1862.0,2.0,77.0,Akash Singh (IP)
2020-100mb00000000544-980117aa639c11,Ayush Badoni,b Ayush Badoni,1.0,2.0,1.0,0.0,0.0,50.00,0.0,2.0,9.0,b Ayush Badoni,50.00,2.00,0.00,,,,,,,,,,,,,,,,,,,,1862.0,2.0,35.0,Sai Kishore 
2021-100mb00000000590-85eaa6f291e011,Avesh Khan,c (Sub) Ravi Bishnoi b Avesh Khan,57.0,29.0,4.0,5.0,3.0,196.55,22.0,7.0,4.0,c (Sub) Ravi Bishnoi b Avesh Khan,13.79,7.25,66.67,3.63,,,,,,,,,,,,,,,,,,,1862.0,2.0,35.0,Shahrukh Khan 
2022-100mb00000000976-79aa33cca44611,William O Rourke,c Aiden Markram b William O Rourke,21.0,16.0,7.0,4.0,0.0,131.25,16.0,0.0,11.0,c Aiden Markram b William O Rourke,43.75,2.29,76.19,4.00,,,,,,,,,,,,,,,,,,,1862.0,2.0,35.0,Sai Sudharsan  (IP)
2022-100mb00000000985-f5950061a44811,,,,,,,,,,,,,,,,,1.0,4.0,2.0,4.0,6.0,6.0,4.0,2.0,33.33,3.00,0.0,0.0,0.00,0,3.00,0.00,0.00,Ayush Badoni,1862.0,2.0,77.0,Ayush Badoni
2022-100mb00000000988-ad5c752aa44a11,Shahbaz Ahmed,c William O Rourke b Shahbaz Ahmed,1.0,3.0,2.0,0.0,0.0,33.33,0.0,3.0,7.0,c William O Rourke b Shahbaz Ahmed,66.67,1.50,0.00,,,,,,,,,,,,,,,,,,,,1862.0,2.0,35.0,Mohd Arshad Khan 
2022-100mb00000001007-1363a306a45011,,,,,,,,,,,,,,,,,4.0,49.0,0.0,12.25,2.0,24.0,19.0,8.0,33.33,3.00,5.0,3.0,77.55,3.00,0,40.82,36.73,Akash Deep,1862.0,2.0,77.0,Akash Deep
2024-100mb00000003398-bea9776874df11,,,,,,,,,,,,,,,,,4.0,27.0,3.0,6.75,3.0,24.0,17.0,7.0,29.17,3.43,3.0,0.0,44.44,8.00,8.00,44.44,0.00,William O Rourke,1862.0,2.0,77.0,William O Rourke
